{
    "avg_latency": {
        "cache": {
            "overall": 0.1974908257425774,
            "cache_hit": 0.026950111299141873,
            "cache_miss": 0.2667505096978733
        },
        "direct": {
            "overall": 0.24729162444444447
        },
        "difference": {
            "overall": 0.04980079870186707,
            "cache_hit": 0.22903649330191989,
            "cache_miss": -0.022990074738650723
        },
        "ratio": {
            "overall": 1.2521676564701831,
            "cache_hit": 9.498536082454423,
            "cache_miss": 0.9138143174883162
        }
    },
    "cache": {
        "hit_rate": 0.2888222222222222,
        "miss_rate": 0.7111777777777778,
        "total_samples": 45000,
        "hits": 1,
        "misses": 0,
        "error_rate": 0.011777777777777778
    },
    "duration": {
        "vectorq": 8887.087158415983,
        "direct": 11128.1231
    },
    "statistics": {
        "accuracy": 0.5052888888888889,
        "precision": 0.959221358775102,
        "recall": 0.3645428228895582,
        "f1_score": 0.5283074836850581
    }
}