k,Recall,QPS
1,0.054,9.36846
5,0.176,9.36846
10,0.263,9.36846
20,0.354,9.36846
50,0.482,9.36846
100,0.595,9.36846
