k,Recall,QPS
1,0.30097087378640774,1183.9042028499255
5,0.5270457697642164,1192.6121206372782
10,0.579750346740638,1159.4961506911175
